"img-link href","photo-count","list-view-price","list-view-date","celly","celly 2","celly 3","celly 4","eids-badge__description","he-lazy-image src","eids-badge__label","list-view-header","list-view-location","he-lazy-image src 2"
"https://www.hepsiemlak.com/usak-esme-istasyon-kiralik/daire/150409-27","26","20.000","05-04-2025","4 +
                          1","195 mÂ²","15
                        YaÅŸÄ±nda","2. Kat","Elektronik Ä°lan DoÄŸrulama Sistemi yetki doÄŸrulamasÄ± yapÄ±lmÄ±ÅŸtÄ±r.","https://hecdn01.hemlak.com/img/eids-logo-mini.png","EÄ°DS onaylÄ±","4+1 KiralÄ±k Daire! (doÄŸal GazlÄ± )","UÅŸak / EÅŸme / Ä°stasyon Mah.",""
"https://www.hepsiemlak.com/usak-merkez-aybey-kiralik/daire/152557-30","10","8.000","04-04-2025","1 +
                          1","55 mÂ²","7
                        YaÅŸÄ±nda","Ara Kat","Elektronik Ä°lan DoÄŸrulama Sistemi yetki doÄŸrulamasÄ± yapÄ±lmÄ±ÅŸtÄ±r.","https://hecdn01.hemlak.com/img/eids-logo-mini.png","EÄ°DS onaylÄ±","Kozak Emlak'tan Kiralik 1+1 Balkonlu Apart","UÅŸak / Merkez / Aybey Mah.",""
"https://www.hepsiemlak.com/usak-merkez-unalan-kiralik/daire/144805-391","13","16.500","01-04-2025","1 +
                          1","65 mÂ²","1
                        YaÅŸÄ±nda","3. Kat","Elektronik Ä°lan DoÄŸrulama Sistemi yetki doÄŸrulamasÄ± yapÄ±lmÄ±ÅŸtÄ±r.","https://hecdn01.hemlak.com/img/eids-logo-mini.png","EÄ°DS onaylÄ±","Ev Konfor Unda Apart SÄ±fÄ±r EÅŸyalÄ±","UÅŸak / Merkez / Ãœnalan Mah.",""
"https://www.hepsiemlak.com/usak-merkez-dikilitas-kiralik/daire/0-44423423","11","6.000","05-04-2025","2 +
                          1","120 mÂ²","30
                        YaÅŸÄ±nda","GiriÅŸ KatÄ±","Elektronik Ä°lan DoÄŸrulama Sistemi yetki doÄŸrulamasÄ± yapÄ±lmÄ±ÅŸtÄ±r.","https://hecdn01.hemlak.com/img/eids-logo-mini.png","EÄ°DS onaylÄ±","Sahibinden 2+1 KiralÄ±k","UÅŸak / Merkez / DikilitaÅŸ Mah.","https://hecdn01.hemlak.com/mncropresize/182/137/ds01/3/2/4/3/2/4/4/4/1743798884-0634642-44423423.jpeg"
"https://www.hepsiemlak.com/usak-merkez-kemaloz-kiralik/daire/99661-840","45","20.000","23-03-2025","3 +
                          10","183 mÂ²","3
                        YaÅŸÄ±nda","11. Kat","Elektronik Ä°lan DoÄŸrulama Sistemi yetki doÄŸrulamasÄ± yapÄ±lmÄ±ÅŸtÄ±r.","https://hecdn01.hemlak.com/img/eids-logo-mini.png","EÄ°DS onaylÄ±","UÅŸak,Merkez,KemalÃ¶z Mah,Sancak Åehir KiralÄ±k 3+1 165 M2","UÅŸak / Merkez / KemalÃ¶z Mah.","https://hecdn01.hemlak.com/mncropresize/182/137/ds01/6/3/5/3/7/3/4/4/1742650568-002723-44373536.jpeg"
"https://www.hepsiemlak.com/usak-merkez-aybey-kiralik/daire/0-44347080","27","10.000","21-03-2025","2 +
                          1","85 mÂ²","10
                        YaÅŸÄ±nda","Ara Kat","Elektronik Ä°lan DoÄŸrulama Sistemi yetki doÄŸrulamasÄ± yapÄ±lmÄ±ÅŸtÄ±r.","https://hecdn01.hemlak.com/img/eids-logo-mini.png","EÄ°DS onaylÄ±","Sahibinden UÅŸak 5.Etap Tokide 2+1 Full EÅŸyalÄ± KiralÄ±k Daire","UÅŸak / Merkez / Aybey Mah.","https://hecdn01.hemlak.com/mncropresize/182/137/ds01/0/8/0/7/4/3/4/4/1742244478219-44347080.jpg"
"https://www.hepsiemlak.com/usak-merkez-unalan-kiralik/daire/0-44334498","22","10.000","20-03-2025","1 +
                          1","45 mÂ²","7
                        YaÅŸÄ±nda","YÃ¼ksek GiriÅŸ","Elektronik Ä°lan DoÄŸrulama Sistemi yetki doÄŸrulamasÄ± yapÄ±lmÄ±ÅŸtÄ±r.","https://hecdn01.hemlak.com/img/eids-logo-mini.png","EÄ°DS onaylÄ±","UÅŸakda Okullar BÃ¶lgesinde EÅŸyalÄ± KiralÄ±k Daire","UÅŸak / Merkez / Ãœnalan Mah.","https://hecdn01.hemlak.com/mncropresize/182/137/ds01/8/9/4/4/3/3/4/4/1741988971395-44334498.jpg"
"https://www.hepsiemlak.com/usak-merkez-kemaloz-kiralik/daire/0-44356195","12","15.000","19-03-2025","3 +
                          1","140 mÂ²","35
                        YaÅŸÄ±nda","Ara Kat","Elektronik Ä°lan DoÄŸrulama Sistemi yetki doÄŸrulamasÄ± yapÄ±lmÄ±ÅŸtÄ±r.","https://hecdn01.hemlak.com/img/eids-logo-mini.png","EÄ°DS onaylÄ±","Sahibinden Ata Parkâ€™a YakÄ±n 3+1 KiralÄ±k Daire.","UÅŸak / Merkez / KemalÃ¶z Mah.","https://hecdn01.hemlak.com/mncropresize/182/137/ds01/5/9/1/6/5/3/4/4/AZSIKHtWcPVEcNMIMQp6i.jpg"
"https://www.hepsiemlak.com/usak-merkez-fevzi-cakmak-kiralik/daire/99661-784","60","15.000","23-03-2025","1 +
                          1","65 mÂ²","SÄ±fÄ±r Bina","5. Kat","Elektronik Ä°lan DoÄŸrulama Sistemi yetki doÄŸrulamasÄ± yapÄ±lmÄ±ÅŸtÄ±r.","https://hecdn01.hemlak.com/img/eids-logo-mini.png","EÄ°DS onaylÄ±","UÅŸak ,Merkez,Paradise Port Royal EÅŸyalÄ± 1+1 Veya 2+1 SÄ±fÄ±r","UÅŸak / Merkez / Fevzi Ã‡akmak Mah.","https://hecdn01.hemlak.com/mncropresize/182/137/ds01/9/3/4/6/3/6/2/4/79ef59eb-61ed-4ea7-9ce7-5b126c2e5ee4.jpeg"
"https://www.hepsiemlak.com/usak-merkez-unalan-kiralik/daire/123434-73","26","8.500","22-03-2025","2 +
                          1","45 mÂ²","8
                        YaÅŸÄ±nda","Ara Kat","Elektronik Ä°lan DoÄŸrulama Sistemi yetki doÄŸrulamasÄ± yapÄ±lmÄ±ÅŸtÄ±r.","https://hecdn01.hemlak.com/img/eids-logo-mini.png","EÄ°DS onaylÄ±","Tam Åehir Merkezinde Ãœnalan, ÃœÃ§gen Parkta Ara Kat 1+1 Apart","UÅŸak / Merkez / Ãœnalan Mah.","https://hecdn01.hemlak.com/mncropresize/182/137/ds01/7/3/8/2/7/3/4/4/cee0a150-6ce4-468b-8554-71ef5ec1b63c.jpg"
"https://www.hepsiemlak.com/usak-merkez-ataturk-kiralik/daire/123434-69","16","10.500","22-03-2025","2 +
                          1","60 mÂ²","SÄ±fÄ±r Bina","Ara Kat","Elektronik Ä°lan DoÄŸrulama Sistemi yetki doÄŸrulamasÄ± yapÄ±lmÄ±ÅŸtÄ±r.","https://hecdn01.hemlak.com/img/eids-logo-mini.png","EÄ°DS onaylÄ±","UÅŸak Merkez 4 Yolda SÄ±fÄ±r Balkonlu 2+1 KiralÄ±k Daire","UÅŸak / Merkez / AtatÃ¼rk Mah.","https://hecdn01.hemlak.com/mncropresize/182/137/ds01/7/4/8/1/0/7/3/4/1a8f9838-6519-48ba-908f-62f8d05a5cff.jpg"
"https://www.hepsiemlak.com/usak-merkez-dikilitas-kiralik/daire/147027-251","21","11.000","21-03-2025","1 +
                          1","50 mÂ²","13
                        YaÅŸÄ±nda","6. Kat","Elektronik Ä°lan DoÄŸrulama Sistemi yetki doÄŸrulamasÄ± yapÄ±lmÄ±ÅŸtÄ±r.","https://hecdn01.hemlak.com/img/eids-logo-mini.png","EÄ°DS onaylÄ±","PÄ±rlanta Gm'den Ãœniversite Yolu Ãœzerinde EÅŸyasÄ±z Apart","UÅŸak / Merkez / DikilitaÅŸ Mah.","https://hecdn01.hemlak.com/mncropresize/182/137/ds01/8/3/0/4/6/3/4/4/ef71bb9c-4640-4d84-995e-66a703efd83d.jpg"
"https://www.hepsiemlak.com/usak-merkez-islice-kiralik/daire/154107-50","25","13.000","02-04-2025","3 +
                          1","120 mÂ²","25
                        YaÅŸÄ±nda","4. Kat","Elektronik Ä°lan DoÄŸrulama Sistemi yetki doÄŸrulamasÄ± yapÄ±lmÄ±ÅŸtÄ±r.","https://hecdn01.hemlak.com/img/eids-logo-mini.png","EÄ°DS onaylÄ±","UÅŸak Merkez Ä°slice Mahallesi 3+1 Daire KiralÄ±ktÄ±r.","UÅŸak / Merkez / Ä°slice Mah.","https://hecdn01.hemlak.com/mncropresize/182/137/ds01/6/5/0/6/9/1/4/4/79e38fe7-d956-41bc-a960-3e7ae2f8e585.jpg"
"https://www.hepsiemlak.com/usak-merkez-unalan-kiralik/daire/123434-71","26","12.500","22-03-2025","2 +
                          1","75 mÂ²","5
                        YaÅŸÄ±nda","4. Kat","Elektronik Ä°lan DoÄŸrulama Sistemi yetki doÄŸrulamasÄ± yapÄ±lmÄ±ÅŸtÄ±r.","https://hecdn01.hemlak.com/img/eids-logo-mini.png","EÄ°DS onaylÄ±","UÅŸak SalÄ± PazarÄ±nda 2+1 EÅŸyalÄ±, Balkonlu KiralÄ±k Daire","UÅŸak / Merkez / Ãœnalan Mah.","https://hecdn01.hemlak.com/mncropresize/182/137/ds01/9/4/6/2/0/9/3/4/1aa8e091-33ab-461d-979a-39d89e7a295c.jpeg"
"https://www.hepsiemlak.com/usak-merkez-fatih-kiralik/daire/108760-327","27","18.750","28-03-2025","3 +
                          1","150 mÂ²","10
                        YaÅŸÄ±nda","2. Kat","Elektronik Ä°lan DoÄŸrulama Sistemi yetki doÄŸrulamasÄ± yapÄ±lmÄ±ÅŸtÄ±r.","https://hecdn01.hemlak.com/img/eids-logo-mini.png","EÄ°DS onaylÄ±","UÅŸak Merkez Fatih Mh.Ara Kat LÃ¼ks KiralÄ±k 3+1 Daire","UÅŸak / Merkez / Fatih Mah.","https://hecdn01.hemlak.com/mncropresize/182/137/ds01/0/0/3/6/2/2/4/4/c2383339-392b-4489-97cf-bb1bdccad172.jpg"
"https://www.hepsiemlak.com/usak-merkez-aybey-kiralik/daire/0-44418445","7","10.000","04-04-2025","2 +
                          2","80 mÂ²","5
                        YaÅŸÄ±nda","3. Kat","Elektronik Ä°lan DoÄŸrulama Sistemi yetki doÄŸrulamasÄ± yapÄ±lmÄ±ÅŸtÄ±r.","https://hecdn01.hemlak.com/img/eids-logo-mini.png","EÄ°DS onaylÄ±","ğŸ›‘merkezde 2+0 KiralÄ±k Balkonlu AsansÃ¶rlÃ¼ Yeni Bina","UÅŸak / Merkez / Aybey Mah.","https://hecdn01.hemlak.com/mncropresize/182/137/ds01/5/4/4/8/1/4/4/4/1743717898-3777652-44418445.jpeg"
"https://www.hepsiemlak.com/usak-merkez-aybey-kiralik/daire/108760-328","11","11.000","21-02-2025","2 +
                          0","55 mÂ²","10
                        YaÅŸÄ±nda","3. Kat","Elektronik Ä°lan DoÄŸrulama Sistemi yetki doÄŸrulamasÄ± yapÄ±lmÄ±ÅŸtÄ±r.","https://hecdn01.hemlak.com/img/eids-logo-mini.png","EÄ°DS onaylÄ±","UÅŸak Merkez'de KiralÄ±k 2+0 Arakat Apart","UÅŸak / Merkez / Aybey Mah.","https://hecdn01.hemlak.com/mncropresize/182/137/ds01/4/7/0/9/2/2/4/4/e784f161-2bd1-4bec-8533-c0f4738115e6.jpg"
"https://www.hepsiemlak.com/usak-merkez-aybey-kiralik/daire/147248-29","17","20.000","20-03-2025","3 +
                          1","150 mÂ²","5
                        YaÅŸÄ±nda","7. Kat","Elektronik Ä°lan DoÄŸrulama Sistemi yetki doÄŸrulamasÄ± yapÄ±lmÄ±ÅŸtÄ±r.","https://hecdn01.hemlak.com/img/eids-logo-mini.png","EÄ°DS onaylÄ±","UÅŸak Cumhuriyet Mahallesi 3+1 150m2 Arakat Daire KiralÄ±k","UÅŸak / Merkez / Aybey Mah.","https://hecdn01.hemlak.com/mncropresize/182/137/ds01/2/0/2/1/6/3/4/4/1742477592-184928-44361202.jpeg"
"https://www.hepsiemlak.com/usak-merkez-dikilitas-kiralik/daire/144805-394","18","10.000","26-03-2025","2 +
                          1","120 mÂ²","20
                        YaÅŸÄ±nda","2. Kat","Elektronik Ä°lan DoÄŸrulama Sistemi yetki doÄŸrulamasÄ± yapÄ±lmÄ±ÅŸtÄ±r.","https://hecdn01.hemlak.com/img/eids-logo-mini.png","EÄ°DS onaylÄ±","SalÄ± PazarÄ± YakÄ±nÄ± KiralÄ±k 2+1 Daire","UÅŸak / Merkez / DikilitaÅŸ Mah.","https://hecdn01.hemlak.com/mncropresize/182/137/ds01/1/4/8/4/8/3/4/4/1742901475576-44384841.jpg"
"https://www.hepsiemlak.com/usak-merkez-cumhuriyet-kiralik/daire/144805-385","33","19.000","02-04-2025","3 +
                          1","180 mÂ²","8
                        YaÅŸÄ±nda","Ara Kat","Elektronik Ä°lan DoÄŸrulama Sistemi yetki doÄŸrulamasÄ± yapÄ±lmÄ±ÅŸtÄ±r.","https://hecdn01.hemlak.com/img/eids-logo-mini.png","EÄ°DS onaylÄ±","Atapark Sgk ArkasÄ±nda KiralÄ±k 3+1 Dubleks Daire","UÅŸak / Merkez / Cumhuriyet Mah.","https://hecdn01.hemlak.com/mncropresize/182/137/ds01/1/3/3/6/5/3/4/4/1742394127449-44356331.jpg"
"https://www.hepsiemlak.com/usak-merkez-kemaloz-kiralik/daire/144805-395","12","15.000","26-03-2025","3 +
                          1","150 mÂ²","SÄ±fÄ±r Bina","2. Kat","Elektronik Ä°lan DoÄŸrulama Sistemi yetki doÄŸrulamasÄ± yapÄ±lmÄ±ÅŸtÄ±r.","https://hecdn01.hemlak.com/img/eids-logo-mini.png","EÄ°DS onaylÄ±","Harman Emlak'tan KiralÄ±k 3+1 Daire","UÅŸak / Merkez / KemalÃ¶z Mah.","https://hecdn01.hemlak.com/mncropresize/182/137/ds01/6/0/9/4/8/3/4/4/1742902105196-44384906.jpg"
"https://www.hepsiemlak.com/usak-merkez-fevzi-cakmak-kiralik/daire/99661-579","21","7.500","10-02-2025","1 +
                          1","50 mÂ²","6
                        YaÅŸÄ±nda","1. Kat","Elektronik Ä°lan DoÄŸrulama Sistemi yetki doÄŸrulamasÄ± yapÄ±lmÄ±ÅŸtÄ±r.","https://hecdn01.hemlak.com/img/eids-logo-mini.png","EÄ°DS onaylÄ±","UÅŸak,Åehir Merkezi Ramada Otel YanÄ±nda Esyali 1+1apart","UÅŸak / Merkez / Fevzi Ã‡akmak Mah.","https://hecdn01.hemlak.com/mncropresize/182/137/ds01/2/2/3/3/9/9/7/3/1637246245350-37993322.jpg"
"https://www.hepsiemlak.com/usak-merkez-ataturk-kiralik/daire/144805-387","10","7.500","26-03-2025","1 +
                          1","55 mÂ²","5
                        YaÅŸÄ±nda","3. Kat","Elektronik Ä°lan DoÄŸrulama Sistemi yetki doÄŸrulamasÄ± yapÄ±lmÄ±ÅŸtÄ±r.","https://hecdn01.hemlak.com/img/eids-logo-mini.png","EÄ°DS onaylÄ±","DÃ¶rtyol Åheel Benzinlik ArkasÄ± KiralÄ±k 1+1","UÅŸak / Merkez / AtatÃ¼rk Mah.","https://hecdn01.hemlak.com/mncropresize/182/137/ds01/9/5/8/9/5/3/4/4/1742467687386-44359859.jpg"
"https://www.hepsiemlak.com/usak-merkez-fatih-kiralik/daire/152557-23","17","13.000","02-03-2025","2 +
                          1","105 mÂ²","5
                        YaÅŸÄ±nda","Ara Kat","Elektronik Ä°lan DoÄŸrulama Sistemi yetki doÄŸrulamasÄ± yapÄ±lmÄ±ÅŸtÄ±r.","https://hecdn01.hemlak.com/img/eids-logo-mini.png","EÄ°DS onaylÄ±","Kiralik 2+1 Ara Kat Daire","UÅŸak / Merkez / Fatih Mah.","https://hecdn01.hemlak.com/mncropresize/182/137/ds01/8/9/3/9/6/2/4/4/1740940857537-44269398.jpg"
"https://www.hepsiemlak.com/usak-merkez-islice-kiralik/daire/0-44176453","10","7.500","05-03-2025","1 +
                          1","50 mÂ²","7
                        YaÅŸÄ±nda","2. Kat","Elektronik Ä°lan DoÄŸrulama Sistemi yetki doÄŸrulamasÄ± yapÄ±lmÄ±ÅŸtÄ±r.","https://hecdn01.hemlak.com/img/eids-logo-mini.png","EÄ°DS onaylÄ±","KiralÄ±k 1+1 Apart Ä°slice Mh Anemon Oteli CivarÄ± Arakat Abonelikleri AÃ§Ä±k","UÅŸak / Merkez / Ä°slice Mah.",""
"https://www.hepsiemlak.com/usak-merkez-unalan-kiralik/daire/144805-364","9","8.000","26-03-2025","1 +
                          1","55 mÂ²","7
                        YaÅŸÄ±nda","Ara Kat","Elektronik Ä°lan DoÄŸrulama Sistemi yetki doÄŸrulamasÄ± yapÄ±lmÄ±ÅŸtÄ±r.","https://hecdn01.hemlak.com/img/eids-logo-mini.png","EÄ°DS onaylÄ±","KÃ¼Ã§Ã¼k Ã‡arÅŸÄ±da KiralÄ±k 1+1","UÅŸak / Merkez / Ãœnalan Mah.",""
"https://www.hepsiemlak.com/usak-merkez-kemaloz-kiralik/daire/144917-12","12","15.000","21-01-2025","5 +
                          2","220 mÂ²","20
                        YaÅŸÄ±nda","En Ãœst Kat","","","","Turgutreis Gayrimenkulâ€˜den KiralÄ±k 5 + 2 Dubleks Daire KarakÄ±ran Cami Kemal Ã–z Mh","UÅŸak / Merkez / KemalÃ¶z Mah.",""
"https://www.hepsiemlak.com/usak-merkez-unalan-kiralik/daire/144805-386","8","9.000","26-03-2025","2 +
                          1","65 mÂ²","8
                        YaÅŸÄ±nda","1. Kat","Elektronik Ä°lan DoÄŸrulama Sistemi yetki doÄŸrulamasÄ± yapÄ±lmÄ±ÅŸtÄ±r.","https://hecdn01.hemlak.com/img/eids-logo-mini.png","EÄ°DS onaylÄ±","Ziraat OdasÄ± ArkasÄ± KiralÄ±k 2+1 EÅŸyalÄ± Apart","UÅŸak / Merkez / Ãœnalan Mah.","https://hecdn01.hemlak.com/mncropresize/182/137/ds01/4/6/3/8/5/3/4/4/1742454815019-44358364.jpg"
"https://www.hepsiemlak.com/usak-merkez-unalan-kiralik/daire/0-44029550","9","12.000","21-01-2025","1 +
                          1","54 mÂ²","3
                        YaÅŸÄ±nda","1. Kat","Elektronik Ä°lan DoÄŸrulama Sistemi yetki doÄŸrulamasÄ± yapÄ±lmÄ±ÅŸtÄ±r.","https://hecdn01.hemlak.com/img/eids-logo-mini.png","EÄ°DS onaylÄ±","Merkezi Konumda 1+1 Apart (mÃ¼lk Sahibinden)","UÅŸak / Merkez / Ãœnalan Mah.","https://hecdn01.hemlak.com/mncropresize/182/137/ds01/0/5/5/9/2/0/4/4/1736718008999-44029550.jpg"
"https://www.hepsiemlak.com/usak-merkez-isik-kiralik/daire/144805-384","8","8.000","26-03-2025","2 +
                          0","57 mÂ²","5
                        YaÅŸÄ±nda","2. Kat","Elektronik Ä°lan DoÄŸrulama Sistemi yetki doÄŸrulamasÄ± yapÄ±lmÄ±ÅŸtÄ±r.","https://hecdn01.hemlak.com/img/eids-logo-mini.png","EÄ°DS onaylÄ±","Eski Belediye YakÄ±nÄ± HacÄ±m ParkÄ± ArkasÄ± KiralÄ±k 2+0 Apart","UÅŸak / Merkez / IÅŸÄ±k Mah.","https://hecdn01.hemlak.com/mncropresize/182/137/ds01/5/1/2/6/5/3/4/4/1742392840272-44356215.jpg"
"https://www.hepsiemlak.com/usak-merkez-unalan-kiralik/daire/144805-365","6","8.000","26-03-2025","1 +
                          1","50 mÂ²","8
                        YaÅŸÄ±nda","Ara Kat","Elektronik Ä°lan DoÄŸrulama Sistemi yetki doÄŸrulamasÄ± yapÄ±lmÄ±ÅŸtÄ±r.","https://hecdn01.hemlak.com/img/eids-logo-mini.png","EÄ°DS onaylÄ±","Åahin Market ArkasÄ± KiralÄ±k 1+1","UÅŸak / Merkez / Ãœnalan Mah.","https://hecdn01.hemlak.com/mncropresize/182/137/ds01/9/9/2/1/1/3/4/4/1741677348407-44311299.jpg"
"https://www.hepsiemlak.com/usak-merkez-ataturk-kiralik/daire/97957-12","24","15.000","13-01-2025","2 +
                          1","105 mÂ²","1
                        YaÅŸÄ±nda","5. Kat","Elektronik Ä°lan DoÄŸrulama Sistemi yetki doÄŸrulamasÄ± yapÄ±lmÄ±ÅŸtÄ±r.","https://hecdn01.hemlak.com/img/eids-logo-mini.png","EÄ°DS onaylÄ±","KiralÄ±k Daire Ä°stiklal Caddesi","UÅŸak / Merkez / AtatÃ¼rk Mah.","https://hecdn01.hemlak.com/mncropresize/182/137/ds01/5/6/2/1/3/0/4/4/1736764175801-44031265.jpg"
"https://www.hepsiemlak.com/usak-merkez-unalan-kiralik/daire/123434-42","12","8.500","22-03-2025","1 +
                          1","50 mÂ²","4
                        YaÅŸÄ±nda","2. Kat","Elektronik Ä°lan DoÄŸrulama Sistemi yetki doÄŸrulamasÄ± yapÄ±lmÄ±ÅŸtÄ±r.","https://hecdn01.hemlak.com/img/eids-logo-mini.png","EÄ°DS onaylÄ±","Merkez KÃ¼Ã§Ã¼k Ã‡arÅŸÄ±da EÅŸyalÄ±, Balkonlu, Ara Kat 1+1 Apart","UÅŸak / Merkez / Ãœnalan Mah.","https://hecdn01.hemlak.com/mncropresize/182/137/ds01/7/6/6/0/5/9/2/4/310bf0fc-2c1a-4d36-bd91-756b5b907f25.jpeg"
"https://www.hepsiemlak.com/usak-merkez-unalan-kiralik/daire/78214-88","9","8.500","28-02-2025","1 +
                          1","55 mÂ²","SÄ±fÄ±r Bina","3. Kat","Elektronik Ä°lan DoÄŸrulama Sistemi yetki doÄŸrulamasÄ± yapÄ±lmÄ±ÅŸtÄ±r.","https://hecdn01.hemlak.com/img/eids-logo-mini.png","EÄ°DS onaylÄ±","GÃ¼ney'den Ã–ztan Hastahanesi KarÅŸÄ±sÄ± KiralÄ±k 1+1 EÅŸyasÄ±z Apart","UÅŸak / Merkez / Ãœnalan Mah.","https://hecdn01.hemlak.com/mncropresize/182/137/ds01/0/8/1/0/6/2/4/4/aba96fa2-f053-47fc-b84d-da90913f34c0.jpg"
"https://www.hepsiemlak.com/usak-merkez-kurtulus-kiralik/daire/0-44166176","8","7.000","04-03-2025","2 +
                          1","50 mÂ²","6
                        YaÅŸÄ±nda","Ã‡atÄ± KatÄ±","Elektronik Ä°lan DoÄŸrulama Sistemi yetki doÄŸrulamasÄ± yapÄ±lmÄ±ÅŸtÄ±r.","https://hecdn01.hemlak.com/img/eids-logo-mini.png","EÄ°DS onaylÄ±","KiralÄ±k 2 + 1 EÅŸyalÄ± Ã‡atÄ± KatÄ± Daire KaraaÄŸaÃ§ Mahallesiâ€™nde","UÅŸak / Merkez / KurtuluÅŸ Mah.","https://hecdn01.hemlak.com/mncropresize/182/137/ds01/6/7/1/6/6/1/4/4/1739137741-526713-44166176.jpeg"
"https://www.hepsiemlak.com/usak-merkez-unalan-kiralik/daire/123434-59","10","8.000","22-03-2025","1 +
                          1","45 mÂ²","5
                        YaÅŸÄ±nda","3. Kat","Elektronik Ä°lan DoÄŸrulama Sistemi yetki doÄŸrulamasÄ± yapÄ±lmÄ±ÅŸtÄ±r.","https://hecdn01.hemlak.com/img/eids-logo-mini.png","EÄ°DS onaylÄ±","UÅŸak Merkez KÃ¼Ã§Ã¼k Ã‡arÅŸÄ±da Ara Kat, EÅŸyalÄ± 1+0 KiralÄ±k Apart","UÅŸak / Merkez / Ãœnalan Mah.","https://hecdn01.hemlak.com/mncropresize/182/137/ds01/9/4/0/0/2/5/3/4/f7188a03-783a-4c3a-874b-28666bd3687f.jpeg"
"https://www.hepsiemlak.com/usak-merkez-kurtulus-kiralik/daire/78214-87","8","8.500","28-02-2025","1 +
                          1","55 mÂ²","30
                        YaÅŸÄ±nda","3. Kat","Elektronik Ä°lan DoÄŸrulama Sistemi yetki doÄŸrulamasÄ± yapÄ±lmÄ±ÅŸtÄ±r.","https://hecdn01.hemlak.com/img/eids-logo-mini.png","EÄ°DS onaylÄ±","GÃ¼neyden Ã‡arÅŸÄ± Ä°Ã§i Ã‡akaloz Cami KarÅŸÄ±sÄ± KiralÄ±k 1+1 EÅŸyalÄ± Apart","UÅŸak / Merkez / KurtuluÅŸ Mah.","https://hecdn01.hemlak.com/mncropresize/182/137/ds01/5/0/1/0/6/2/4/4/7a79da81-465f-4787-b295-3e3b1804f531.jpg"
"https://www.hepsiemlak.com/usak-merkez-fatih-kiralik/daire/144923-87","16","15.000","13-01-2025","3 +
                          1","175 mÂ²","7
                        YaÅŸÄ±nda","YÃ¼ksek GiriÅŸ","Elektronik Ä°lan DoÄŸrulama Sistemi yetki doÄŸrulamasÄ± yapÄ±lmÄ±ÅŸtÄ±r.","https://hecdn01.hemlak.com/img/eids-logo-mini.png","EÄ°DS onaylÄ±","Site Ä°Ã§i KiralÄ±k 3+1 Daire","UÅŸak / Merkez / Fatih Mah.","https://hecdn01.hemlak.com/mncropresize/182/137/ds01/9/6/6/1/3/0/4/4/abeadfbe-11b2-41fc-834f-1d3e28d5777a.jpg"
"https://www.hepsiemlak.com/usak-merkez-unalan-kiralik/daire/0-40403694","7","9.000","16-03-2025","2 +
                          1","58 mÂ²","5
                        YaÅŸÄ±nda","2. Kat","Elektronik Ä°lan DoÄŸrulama Sistemi yetki doÄŸrulamasÄ± yapÄ±lmÄ±ÅŸtÄ±r.","https://hecdn01.hemlak.com/img/eids-logo-mini.png","EÄ°DS onaylÄ±","Sahibinden Balkonlu KiralÄ±k Daire","UÅŸak / Merkez / Ãœnalan Mah.","https://hecdn01.hemlak.com/mncropresize/182/137/ds01/4/9/6/3/0/4/0/4/1679038557-727602-40403694.jpeg"
"https://www.hepsiemlak.com/usak-merkez-unalan-kiralik/daire/152557-17","8","12.500","06-01-2025","2 +
                          1","65 mÂ²","7
                        YaÅŸÄ±nda","Ara Kat","Elektronik Ä°lan DoÄŸrulama Sistemi yetki doÄŸrulamasÄ± yapÄ±lmÄ±ÅŸtÄ±r.","https://hecdn01.hemlak.com/img/eids-logo-mini.png","EÄ°DS onaylÄ±","Kozak Emlak'tan 2+0  Apart","UÅŸak / Merkez / Ãœnalan Mah.","https://hecdn01.hemlak.com/mncropresize/182/137/ds01/7/9/5/0/0/0/4/4/1736162032053-44000597.jpg"
"https://www.hepsiemlak.com/usak-merkez-unalan-kiralik/daire/0-44130528","7","12.000","02-02-2025","3 +
                          1","130 mÂ²","15
                        YaÅŸÄ±nda","2. Kat","Elektronik Ä°lan DoÄŸrulama Sistemi yetki doÄŸrulamasÄ± yapÄ±lmÄ±ÅŸtÄ±r.","https://hecdn01.hemlak.com/img/eids-logo-mini.png","EÄ°DS onaylÄ±","Ã–ÄŸrenciye KiralÄ±k Ev","UÅŸak / Merkez / Ãœnalan Mah.","https://hecdn01.hemlak.com/mncropresize/182/137/ds01/8/2/5/0/3/1/4/4/1738494742094-44130528.jpg"
"https://www.hepsiemlak.com/usak-merkez-kemaloz-kiralik/daire/154107-35","8","12.250","27-02-2025","3 +
                          1","148 mÂ²","20
                        YaÅŸÄ±nda","En Ãœst Kat","Elektronik Ä°lan DoÄŸrulama Sistemi yetki doÄŸrulamasÄ± yapÄ±lmÄ±ÅŸtÄ±r.","https://hecdn01.hemlak.com/img/eids-logo-mini.png","EÄ°DS onaylÄ±","UÅŸak Merkez KemalÃ¶z Mahallesi 3+1 Daire KiralÄ±ktÄ±r.","UÅŸak / Merkez / KemalÃ¶z Mah.","https://hecdn01.hemlak.com/mncropresize/182/137/ds01/8/5/5/6/1/1/4/4/0ee39f53-1a84-47fa-92d8-daeaa7b273c4.jpg"
"https://www.hepsiemlak.com/usak-merkez-unalan-kiralik/daire/144923-92","7","13.000","08-02-2025","2 +
                          0","68 mÂ²","6
                        YaÅŸÄ±nda","YÃ¼ksek GiriÅŸ","Elektronik Ä°lan DoÄŸrulama Sistemi yetki doÄŸrulamasÄ± yapÄ±lmÄ±ÅŸtÄ±r.","https://hecdn01.hemlak.com/img/eids-logo-mini.png","EÄ°DS onaylÄ±","EÅŸyalÄ± 2+0 KiralÄ±k Apart","UÅŸak / Merkez / Ãœnalan Mah.","https://hecdn01.hemlak.com/mncropresize/182/137/ds01/7/6/3/2/4/0/4/4/1736940747-849205-44042367.jpeg"
"https://www.hepsiemlak.com/usak-merkez-kemaloz-kiralik/daire/78214-74","8","9.750","15-02-2025","2 +
                          1","75 mÂ²","6
                        YaÅŸÄ±nda","2. Kat","Elektronik Ä°lan DoÄŸrulama Sistemi yetki doÄŸrulamasÄ± yapÄ±lmÄ±ÅŸtÄ±r.","https://hecdn01.hemlak.com/img/eids-logo-mini.png","EÄ°DS onaylÄ±","GÃ¼neyden KemalÃ¶z Ã–zen Pastanesi ArkasÄ± KiralÄ±k 2+1 EÅŸyasÄ±z Apart","UÅŸak / Merkez / KemalÃ¶z Mah.","https://hecdn01.hemlak.com/mncropresize/182/137/ds01/6/2/3/8/3/0/4/4/6ecb0289-8f78-417b-a98d-0939ea1284b6.jpg"
"https://www.hepsiemlak.com/usak-merkez-unalan-kiralik/daire/144805-219","7","5.500","01-04-2025","1 +
                          1","40 mÂ²","6
                        YaÅŸÄ±nda","2. Kat","","","","KiralÄ±k Apart","UÅŸak / Merkez / Ãœnalan Mah.","https://hecdn01.hemlak.com/mncropresize/182/137/ds01/8/2/6/2/3/3/3/4/1741079365-3248749-43332628.jpeg"